{
    "Time": 0.0002519614062057446,
    "V1": 0.0017671709037714346,
    "V2": 0.003678169433608696,
    "V3": 0.005912907795954539,
    "V4": 0.005108151793088607,
    "V5": 0.002420076273797745,
    "V6": 0.00252382819620859,
    "V7": 0.004683173608279075,
    "V8": 0.0013437802314402413,
    "V9": 0.004587660437262596,
    "V10": 0.009732589437849763,
    "V11": 0.008466809336709041,
    "V12": 0.009701682287892038,
    "V13": 6.314851675104718e-05,
    "V14": 0.010741248716738431,
    "V15": 5.7317228542207166e-05,
    "V16": 0.00692093524597473,
    "V17": 0.010984166607051857,
    "V18": 0.004712483224020165,
    "V19": 0.0010753814693910228,
    "V20": 0.0009197442074763522,
    "V21": 0.0024630065241036565,
    "V22": 0.00020030529854355925,
    "V23": 0.0003738681248073271,
    "V24": 0.00011762025901746603,
    "V25": 0.00023690825269010243,
    "V26": 6.190585087654729e-05,
    "V27": 0.0023093443815894697,
    "V28": 0.0013809028504514313,
    "Amount": 0.0006587844953293322
}